{
  "baseline": {
    "variant_name": "baseline",
    "final_train_loss": 0.10237858530835829,
    "final_val_loss": 0.01635249099437741,
    "train_losses": [
      3.1187925131424614,
      2.536894114121147,
      2.4896480484285215,
      2.4039701206096704,
      1.6210012358167898,
      0.3780370341694873,
      0.17451898840026578,
      0.1342528886769129,
      0.11596934583739958,
      0.10237858530835829
    ],
    "val_losses": [
      2.5432845060376152,
      2.4748806469682334,
      2.431456171947977,
      2.144283463989479,
      0.3066278069779493,
      0.04685686701449795,
      0.024408710391625114,
      0.019118370407301445,
      0.017653109829710877,
      0.01635249099437741
    ],
    "training_time": 20.984665393829346,
    "num_parameters": 404224
  },
  "no_residual": {
    "variant_name": "no_residual",
    "final_train_loss": 2.483972559804502,
    "final_val_loss": 2.4531115690867105,
    "train_losses": [
      3.3968833978625312,
      3.2034480295319487,
      2.8713569710220117,
      2.7042166772096055,
      2.6172768378603286,
      2.562214934307596,
      2.533410390218099,
      2.513645479644554,
      2.4972744644552036,
      2.483972559804502
    ],
    "val_losses": [
      3.3183264179506162,
      3.059130012125209,
      2.7116046953892363,
      2.635768717613773,
      2.552788257598877,
      2.511639256408249,
      2.498792192210322,
      2.477631337400796,
      2.4596803222877393,
      2.4531115690867105
    ],
    "training_time": 20.34074854850769,
    "num_parameters": 404224
  },
  "no_positional": {
    "variant_name": "no_positional",
    "final_train_loss": 2.361867237782133,
    "final_val_loss": 2.3331007473710654,
    "train_losses": [
      3.003162967985955,
      2.502258297325908,
      2.470568200816279,
      2.4463696237923442,
      2.424791201301243,
      2.4076106030008066,
      2.393892184547756,
      2.3812336645264556,
      2.372256928595944,
      2.361867237782133
    ],
    "val_losses": [
      2.5028847093167514,
      2.4576325520225195,
      2.432605238928311,
      2.4104870194974155,
      2.392419911813045,
      2.3760782151982403,
      2.3655289878015933,
      2.353145025778508,
      2.342949065609255,
      2.3331007473710654
    ],
    "training_time": 20.202995538711548,
    "num_parameters": 404224
  },
  "single_head": {
    "variant_name": "single_head",
    "final_train_loss": 0.2791518622982329,
    "final_val_loss": 0.015614640372602837,
    "train_losses": [
      3.07587106331535,
      2.5382725155871846,
      2.492731253306071,
      2.38514250603275,
      1.1366848232953444,
      0.39132492524990137,
      0.3210332259751748,
      0.3023186317388562,
      0.290065665607867,
      0.2791518622982329
    ],
    "val_losses": [
      2.547809880712758,
      2.4802297094593877,
      2.440526513085849,
      1.8967928368112315,
      0.09605954220329506,
      0.031121253292413727,
      0.0211827858634617,
      0.017448853485394215,
      0.016433133770698223,
      0.015614640372602837
    ],
    "training_time": 16.44852614402771,
    "num_parameters": 404224
  },
  "small_ffn": {
    "variant_name": "small_ffn",
    "final_train_loss": 0.16355246370253357,
    "final_val_loss": 0.024840600680613865,
    "train_losses": [
      3.2960998562798984,
      2.5932459209276284,
      2.5268166929051494,
      2.501746150030606,
      2.481679829998293,
      2.4577991686005523,
      2.3564209661621978,
      1.4212230236633965,
      0.30649468929007434,
      0.16355246370253357
    ],
    "val_losses": [
      2.6263930521149566,
      2.5103731189948926,
      2.4800148563108584,
      2.461206684941831,
      2.4433580481487773,
      2.392064184382342,
      2.03043067973593,
      0.1886957078308299,
      0.03911623520695645,
      0.024840600680613865
    ],
    "training_time": 17.905255556106567,
    "num_parameters": 206848
  },
  "shallow": {
    "variant_name": "shallow",
    "final_train_loss": 0.13120809629343558,
    "final_val_loss": 0.01851077974382518,
    "train_losses": [
      3.293177494104358,
      2.5714510800181953,
      2.5248259392337524,
      2.499539147252622,
      2.4633894726849985,
      2.233219113902769,
      1.028596215489982,
      0.33049734541471454,
      0.16820330053999805,
      0.13120809629343558
    ],
    "val_losses": [
      2.5826146222543027,
      2.4982337329698647,
      2.4738203166187676,
      2.4453788771145586,
      2.369810912920081,
      1.304333476052768,
      0.12940168575100278,
      0.040069867411385414,
      0.024975078639344894,
      0.01851077974382518
    ],
    "training_time": 13.654634475708008,
    "num_parameters": 206464
  },
  "no_attention": {
    "variant_name": "no_attention",
    "final_train_loss": 2.4800178693688433,
    "final_val_loss": 2.461702744166056,
    "train_losses": [
      3.1162636902021323,
      2.55397183307703,
      2.516520241032476,
      2.5034623042396875,
      2.496359994446022,
      2.4916232668835185,
      2.4874700359676196,
      2.483998547429624,
      2.481823015904081,
      2.4800178693688433
    ],
    "val_losses": [
      2.5629019979117573,
      2.4941808037135913,
      2.477688924126003,
      2.4720607287641885,
      2.468334781950799,
      2.467563245607459,
      2.4636631115623144,
      2.4644333659738735,
      2.462965484978496,
      2.461702744166056
    ],
    "training_time": 11.877376317977905,
    "num_parameters": 273152
  }
}